{
    "loss": 3.6513335704803467,
    "accuracy": 0.7450980544090271
}