{
    "loss": 0.11175884306430817,
    "accuracy": 0.9803921580314636
}